"","Ô..Gemeente","X11.Mar","X12.Mar","X13.Mar","X14.Mar","X15.Mar","X16.Mar","X17.Mar","X18.Mar","X19.Mar","X20.Mar","X21.Mar","X22.Mar","X23.Mar","X24.Mar","X25.Mar","X26.Mar","X27.Mar","X28.Mar","X29.Mar"
"1","'s-Gravenhage",7,7,8,9,10,14,17,21,27,36,44,47,53,63,81,103,124,161,176
"2","'s-Hertogenbosch",5,8,11,14,14,20,24,30,35,38,45,55,60,67,75,87,108,117,131
"3","Aa en Hunze",0,0,0,0,0,0,0,0,0,0,0,1,1,1,1,3,3,4,4
"4","Aalsmeer",2,2,3,3,3,3,3,3,4,5,5,7,8,9,10,11,12,16,17
"5","Aalten",0,0,0,0,0,0,0,0,0,1,1,1,1,1,2,2,3,3,5
"6","Achtkarspelen",0,0,0,0,0,0,0,0,0,0,0,0,0,0,1,1,2,2,2
"7","Alblasserdam",0,0,0,0,0,0,1,1,2,3,3,4,4,4,5,6,6,6,7
"8","Albrandswaard",1,1,1,1,1,2,3,4,4,5,8,12,14,18,18,19,21,23,24
"9","Alkmaar",1,1,1,1,1,2,2,5,9,10,11,15,16,20,24,29,36,42,45
"10","Almelo",1,1,1,1,1,1,1,1,2,3,4,5,7,8,10,12,14,15,19
"11","Almere",1,1,1,2,2,3,3,4,5,5,11,14,18,21,28,32,39,48,57
"12","Alphen aan den Rijn",2,3,4,6,6,6,6,9,10,13,15,17,17,20,22,30,32,35,41
"13","Alphen-Chaam",0,0,0,1,1,2,3,6,6,6,7,9,14,15,16,19,19,21,24
"14","Altena",4,5,8,9,10,12,12,15,19,19,22,23,25,28,35,35,39,41,41
"15","Ameland",0,0,0,0,0,0,0,0,0,0,0,0,0,0,0,0,0,0,0
"16","Amersfoort",2,4,4,4,10,18,21,23,30,32,37,37,41,44,47,54,59,63,68
"17","Amstelveen",2,2,3,3,3,4,6,7,13,22,26,27,29,33,35,46,52,63,75
"18","Amsterdam",8,11,20,31,31,39,56,61,85,127,161,188,203,250,297,351,411,477,530
"19","Apeldoorn",1,2,2,3,3,7,7,10,11,13,16,17,26,29,34,39,49,52,53
"20","Appingedam",0,0,0,0,0,0,0,0,0,0,0,0,0,0,0,0,1,1,1
"21","Arnhem",3,4,4,4,7,7,8,9,10,13,15,16,20,23,25,34,46,52,59
"22","Assen",0,0,0,0,0,0,0,0,0,1,1,2,4,5,5,7,8,10,12
"23","Asten",0,0,0,0,1,1,2,2,2,2,5,5,5,6,6,6,8,10,15
"24","Baarle-Nassau",0,0,0,0,0,0,0,0,0,1,1,1,1,1,2,2,2,2,3
"25","Baarn",0,0,0,0,0,0,0,0,2,1,1,1,2,2,4,5,5,6,7
"26","Barendrecht",0,1,1,1,3,3,3,3,4,5,9,10,13,15,16,19,21,28,29
"27","Barneveld",0,0,0,0,2,3,4,5,6,8,8,9,10,12,13,13,17,19,20
"28","Beek",0,0,0,0,3,3,3,3,3,5,5,5,5,9,13,13,13,14,15
"29","Beekdaelen",8,8,8,9,12,13,15,18,18,19,19,19,20,29,30,32,34,37,39
"30","Beemster",0,0,0,0,0,0,0,0,0,0,0,0,0,1,2,2,4,4,4
"31","Beesel",0,0,0,0,0,0,0,0,0,1,3,5,5,6,7,8,11,13,15
"32","Berg en Dal",3,3,5,6,6,10,14,14,18,20,25,30,33,35,37,43,44,53,64
"33","Bergeijk",1,1,1,1,1,1,1,1,1,1,1,1,3,5,10,11,13,14,14
"34","Bergen (L)",0,0,0,0,0,0,0,1,1,1,1,1,1,1,1,1,2,2,2
"35","Bergen (NH)",0,0,0,0,1,1,1,2,4,4,6,8,9,12,12,14,16,20,22
"36","Bergen op Zoom",1,1,1,1,4,4,5,5,6,8,9,10,12,12,12,13,15,17,17
"37","Berkelland",0,0,0,0,0,0,0,0,1,1,1,1,2,2,2,2,2,2,5
"38","Bernheze",2,4,13,15,16,19,20,26,30,37,41,57,62,67,69,83,87,95,104
"39","Best",3,3,3,3,3,4,5,6,6,8,11,14,14,17,19,21,23,23,25
"40","Beuningen",3,3,3,4,4,5,6,6,6,8,9,11,12,13,15,15,16,18,23
"41","Beverwijk",4,5,5,5,5,5,6,6,6,6,6,7,7,11,11,12,13,17,20
"42","Bladel",0,0,0,1,1,1,1,2,3,6,7,11,12,14,15,15,15,18,18
"43","Blaricum",1,1,1,1,1,1,1,2,2,3,4,4,4,4,5,6,6,6,6
"44","Bloemendaal",1,1,1,1,1,1,3,3,3,3,8,8,11,13,13,16,17,19,19
"45","Bodegraven-Reeuwijk",0,1,1,1,1,1,1,1,1,1,3,5,5,5,5,8,9,10,11
"46","Boekel",7,8,11,12,12,14,14,19,20,25,32,37,40,42,42,42,51,53,59
"47","Borger-Odoorn",0,0,0,0,0,0,0,0,0,0,0,0,0,0,0,0,1,1,2
"48","Borne",3,2,3,3,3,3,3,3,3,3,4,5,7,8,11,12,13,15,19
"49","Borsele",1,1,1,1,1,2,2,2,3,3,3,3,3,4,5,6,7,7,7
"50","Boxmeer",0,0,1,1,1,1,1,2,2,5,6,7,7,9,9,10,13,17,19
"51","Boxtel",0,1,1,2,2,3,5,5,6,6,11,12,12,15,15,19,22,24,24
"52","Breda",32,42,53,64,71,86,96,105,113,121,133,140,161,167,181,201,215,227,237
"53","Brielle",0,0,0,0,0,0,0,0,1,1,1,1,1,1,1,2,5,10,11
"54","Bronckhorst",2,2,2,2,2,2,2,2,3,5,6,6,6,7,7,8,8,9,11
"55","Brummen",0,0,0,0,0,0,0,0,1,1,1,1,4,4,4,4,5,5,8
"56","Brunssum",0,0,0,0,0,0,2,4,4,6,6,6,8,17,20,22,24,25,26
"57","Bunnik",0,0,0,0,0,0,0,0,1,2,3,3,4,6,8,9,9,10,10
"58","Bunschoten",0,0,0,0,0,0,0,0,0,0,0,0,0,1,3,3,3,4,4
"59","Buren",0,1,2,2,2,4,4,4,5,5,5,5,5,6,7,7,7,7,8
"60","Capelle aan den IJssel",0,0,0,0,0,0,1,1,2,3,3,7,7,13,23,26,31,41,42
"61","Castricum",0,0,0,4,5,5,5,5,6,6,7,8,8,10,10,13,18,19,20
"62","Coevorden",11,11,11,11,11,11,11,12,12,13,14,14,14,15,15,17,17,20,20
"63","Cranendonck",1,1,2,2,2,2,5,6,6,8,11,13,19,23,25,31,42,42,55
"64","Cuijk",1,1,2,2,2,2,2,2,4,4,4,4,5,6,8,8,8,10,10
"65","Culemborg",1,1,2,2,2,2,4,4,4,4,5,5,5,8,8,14,14,16,18
"66","Dalfsen",0,0,0,0,1,1,1,1,1,4,5,8,9,11,12,13,14,15,16
"67","Dantumadiel",0,0,0,0,0,0,0,0,0,0,0,0,0,0,0,1,1,1,3
"68","De Bilt",10,11,11,11,12,13,15,16,16,18,19,20,23,27,32,34,36,39,39
"69","De Fryske Marren",0,1,2,2,3,3,3,5,5,6,8,8,8,8,9,12,12,17,21
"70","De Ronde Venen",0,0,0,0,0,2,2,2,2,3,3,4,6,8,9,13,17,17,19
"71","De Wolden",0,0,0,1,1,1,1,1,1,2,3,3,3,3,3,3,3,7,7
"72","Delft",1,1,2,2,2,2,2,4,5,9,11,12,16,17,21,25,27,29,32
"73","Delfzijl",0,0,0,0,0,0,0,0,0,0,0,0,1,1,1,2,4,7,7
"74","Den Helder",1,1,1,1,1,1,1,1,2,2,3,3,4,5,5,6,9,9,11
"75","Deurne",3,3,3,3,4,5,8,8,10,13,19,22,22,25,30,35,42,46,53
"76","Deventer",0,0,0,0,1,2,4,5,5,7,16,16,17,20,26,30,33,45,46
"77","Diemen",2,2,2,2,2,2,2,2,2,3,3,4,4,4,6,6,7,7,8
"78","Dinkelland",2,1,3,4,4,5,5,6,8,9,13,14,15,17,20,25,28,30,32
"79","Doesburg",0,0,0,0,1,1,1,1,1,3,3,4,4,4,5,5,6,6,6
"80","Doetinchem",0,0,0,0,0,0,0,0,3,4,5,5,6,8,10,17,17,18,23
"81","Dongen",4,4,4,5,5,5,5,5,5,2,2,2,2,4,6,6,10,12,18
"82","Dordrecht",0,0,1,1,1,1,4,4,8,11,12,13,17,23,26,28,32,36,42
"83","Drechterland",0,0,0,0,0,0,0,0,0,0,2,2,2,3,3,4,4,5,5
"84","Drimmelen",1,3,5,5,5,7,11,12,13,13,14,14,16,17,20,21,24,26,30
"85","Dronten",0,0,2,3,6,7,7,8,9,10,11,10,11,11,11,11,11,11,13
"86","Druten",0,0,1,3,5,5,5,5,5,5,5,5,6,6,7,7,11,13,16
"87","Duiven",0,0,1,1,1,1,1,2,2,2,2,2,2,2,2,3,4,6,6
"88","Echt-Susteren",0,0,0,0,0,0,2,6,6,7,11,12,14,15,20,23,25,28,29
"89","Edam-Volendam",0,0,0,0,0,0,0,0,3,3,4,5,6,7,9,10,14,14,14
"90","Ede",0,0,0,0,1,2,2,5,5,9,13,16,21,22,26,33,37,46,49
"91","Eemnes",0,0,0,0,0,0,0,1,1,1,1,1,1,1,1,1,1,1,1
"92","Eersel",0,1,1,2,2,2,3,4,4,6,7,9,10,13,13,14,15,17,20
"93","Eijsden-Margraten",0,0,0,1,3,4,4,4,4,6,6,6,7,15,20,26,32,43,48
"94","Eindhoven",8,8,12,13,21,21,22,23,24,28,35,46,55,68,80,93,113,128,139
"95","Elburg",0,0,1,1,1,1,1,1,1,2,2,3,4,4,5,6,9,11,16
"96","Emmen",1,1,1,1,1,1,1,2,3,4,4,4,6,7,8,8,10,12,14
"97","Enkhuizen",0,0,0,0,0,1,1,1,5,5,6,7,8,10,13,15,17,17,17
"98","Enschede",1,3,3,3,3,3,3,4,7,8,16,18,20,20,26,34,45,49,55
"99","Epe",0,0,0,0,0,2,2,4,4,4,6,8,10,13,15,16,18,20,29
"100","Ermelo",1,3,4,5,7,8,8,8,8,9,11,13,13,14,17,17,18,19,20
"101","Etten-Leur",5,5,6,7,8,10,12,13,14,15,18,20,24,24,31,37,40,50,51
"102","Geertruidenberg",1,1,1,1,1,3,5,7,7,7,7,8,10,10,11,11,11,12,12
"103","Geldrop-Mierlo",0,1,2,2,2,3,3,3,4,4,6,6,8,9,15,16,20,22,24
"104","Gemert-Bakel",4,7,11,13,16,20,25,26,31,36,42,50,56,64,68,71,76,82,90
"105","Gennep",0,0,1,1,1,1,1,2,4,4,5,7,7,7,7,8,9,14,14
"106","Gilze en Rijen",0,0,1,1,1,1,1,3,5,7,7,12,13,16,18,19,22,25,27
"107","Goeree-Overflakkee",0,0,1,1,2,4,5,7,8,14,16,25,36,43,44,56,77,92,102
"108","Goes",2,2,2,2,2,2,2,3,3,3,3,3,3,4,4,7,12,12,16
"109","Goirle",6,6,6,6,6,9,9,9,11,11,12,13,13,16,18,21,24,26,34
"110","Gooise Meren",3,3,3,4,4,4,9,9,10,10,11,11,11,12,18,20,24,25,25
"111","Gorinchem",0,0,0,0,0,0,0,0,1,0,0,2,2,4,8,9,13,14,17
"112","Gouda",2,2,2,2,3,4,5,7,9,10,12,15,16,17,18,25,31,35,37
"113","Grave",0,0,0,0,0,0,0,1,2,4,6,10,11,11,11,14,16,19,22
"114","Groningen",0,2,3,3,6,7,7,11,23,28,39,46,53,53,58,76,80,85,87
"115","Gulpen-Wittem",0,0,0,0,1,2,2,2,2,2,2,2,2,4,5,5,7,8,10
"116","Haaksbergen",0,0,0,0,1,1,1,1,1,1,1,3,3,3,3,4,6,9,10
"117","Haaren",6,6,7,7,7,7,7,9,9,9,10,12,12,12,12,14,18,21,22
"118","Haarlem",1,1,4,4,4,6,7,7,10,17,25,27,29,41,46,54,66,73,81
"119","Haarlemmermeer",0,0,0,0,1,2,4,4,5,8,12,16,18,23,23,30,40,45,53
"120","Halderberge",0,0,0,0,0,2,2,2,2,2,5,7,7,8,8,8,10,12,13
"121","Hardenberg",0,0,0,0,0,0,0,0,0,1,3,3,4,6,7,9,11,16,20
"122","Harderwijk",0,2,2,2,2,4,4,5,5,5,5,6,8,9,13,14,18,18,22
"123","Hardinxveld-Giessendam",5,5,5,5,5,5,5,5,5,6,6,6,6,6,6,6,7,7,7
"124","Harlingen",0,0,0,0,0,1,1,1,1,1,3,3,3,3,3,3,3,3,4
"125","Hattem",0,0,0,0,0,0,0,0,0,0,1,1,1,2,3,5,7,7,10
"126","Heemskerk",0,0,1,1,1,2,2,2,3,5,5,5,5,7,9,10,16,19,22
"127","Heemstede",1,2,2,2,2,5,5,5,5,7,11,11,13,16,17,21,24,27,27
"128","Heerde",0,0,0,0,0,2,3,3,4,5,9,9,13,15,19,24,27,28,34
"129","Heerenveen",0,0,0,0,0,0,0,0,0,1,2,2,3,3,3,4,5,7,8
"130","Heerhugowaard",0,0,0,0,1,1,1,2,2,3,5,8,10,15,16,19,20,23,27
"131","Heerlen",1,2,2,4,5,6,8,14,15,18,19,24,29,46,53,63,68,75,78
"132","Heeze-Leende",1,1,1,1,1,2,3,4,4,4,4,7,7,7,10,10,12,12,16
"133","Heiloo",0,0,2,2,2,3,3,3,3,3,4,6,6,8,9,10,13,13,16
"134","Hellendoorn",2,2,2,2,2,2,2,2,2,2,3,4,5,6,7,7,8,10,12
"135","Hellevoetsluis",0,1,1,1,1,1,1,1,1,4,4,4,5,5,5,7,10,15,15
"136","Helmond",12,14,16,17,17,17,19,20,22,26,32,38,49,55,63,66,75,91,100
"137","Hendrik-Ido-Ambacht",0,2,0,0,0,0,0,0,0,0,0,1,2,2,3,5,5,5,6
"138","Hengelo (O)",0,0,0,0,0,3,3,4,4,5,13,15,15,16,17,21,23,25,32
"139","Het Hogeland",0,0,0,0,0,0,0,0,0,0,0,0,1,1,4,6,7,7,9
"140","Heumen",0,0,0,0,2,2,3,5,6,7,7,7,9,11,12,15,15,16,19
"141","Heusden",2,3,4,4,4,4,4,5,6,7,11,15,16,19,20,25,37,39,44
"142","Hillegom",0,0,0,0,0,0,0,1,1,2,2,2,2,3,3,3,3,4,5
"143","Hilvarenbeek",1,1,5,5,5,4,4,4,4,4,5,6,7,8,10,10,10,12,13
"144","Hilversum",0,0,0,0,0,0,3,3,3,5,7,7,7,7,16,18,24,24,24
"145","Hoeksche Waard",2,1,1,1,2,4,6,8,12,17,17,21,23,31,36,43,51,55,60
"146","Hof van Twente",0,0,0,0,1,1,1,3,3,3,4,5,5,5,6,8,14,17,17
"147","Hollands Kroon",0,0,0,0,0,0,0,1,3,3,6,7,8,10,10,14,17,18,23
"148","Hoogeveen",0,0,1,2,2,2,2,3,3,4,5,5,5,6,7,7,8,9,12
"149","Hoorn",0,0,0,0,0,1,1,1,2,3,8,9,11,12,14,15,17,20,22
"150","Horst aan de Maas",0,0,2,3,3,5,8,8,10,11,13,13,16,17,18,20,25,27,32
"151","Houten",13,13,13,13,13,13,13,14,17,17,19,23,25,29,37,43,47,52,56
"152","Huizen",2,1,1,1,1,1,1,2,3,3,3,3,3,3,7,8,13,13,13
"153","Hulst",0,0,0,0,0,0,0,0,0,0,0,0,0,0,1,1,2,3,3
"154","IJsselstein",1,1,1,1,2,4,6,7,8,8,11,13,16,16,18,23,26,31,34
"155","Kaag en Braassem",0,0,0,0,0,0,0,0,1,1,1,2,2,4,5,5,5,6,6
"156","Kampen",0,0,0,0,0,0,1,2,2,5,12,14,17,20,30,41,45,55,62
"157","Kapelle",0,0,0,0,0,0,1,2,2,2,2,2,2,2,2,2,2,2,2
"158","Katwijk",0,1,1,1,1,1,1,2,2,3,5,6,6,6,7,10,15,19,21
"159","Kerkrade",0,0,0,1,2,2,3,3,3,5,6,8,8,17,21,26,28,32,34
"160","Koggenland",0,0,0,1,1,1,1,1,1,1,1,2,4,4,5,6,6,9,10
"161","Krimpen aan den IJssel",0,1,1,1,1,1,1,1,2,2,2,3,3,3,6,7,7,12,13
"162","Krimpenerwaard",3,3,3,3,4,4,4,4,5,7,9,11,11,12,16,19,24,30,33
"163","Laarbeek",0,0,1,1,1,1,1,2,4,6,8,11,13,17,19,24,33,39,44
"164","Landerd",2,2,4,5,5,10,14,16,18,20,20,22,23,25,25,34,42,44,47
"165","Landgraaf",0,1,2,4,4,4,4,7,7,7,9,10,11,18,21,25,28,29,29
"166","Landsmeer",0,2,2,2,3,3,3,3,3,4,4,5,5,6,6,7,7,7,8
"167","Langedijk",1,1,3,3,4,4,4,4,4,4,4,4,5,12,12,13,14,14,15
"168","Lansingerland",4,4,4,4,5,5,7,10,13,14,16,20,20,24,25,28,34,45,47
"169","Laren",0,0,0,0,0,0,0,0,0,0,0,0,0,3,4,5,8,8,8
"170","Leeuwarden",0,1,1,1,1,2,3,4,5,5,8,8,10,10,12,15,19,20,23
"171","Leiden",1,1,4,4,4,8,8,11,12,14,16,16,16,20,21,28,30,35,37
"172","Leiderdorp",0,0,0,0,0,1,1,2,2,2,2,2,2,2,3,4,4,5,7
"173","Leidschendam-Voorburg",2,2,3,3,3,4,5,6,6,7,9,10,10,13,14,17,18,21,21
"174","Lelystad",1,1,3,6,7,8,10,12,13,15,15,19,21,24,26,27,29,31,31
"175","Leudal",3,4,4,6,6,7,8,11,13,16,20,22,23,26,29,32,37,41,45
"176","Leusden",0,0,0,0,0,1,1,3,4,4,6,6,7,9,13,13,16,17,19
"177","Lingewaard",2,2,2,3,3,3,3,4,5,6,6,9,10,11,14,14,22,25,27
"178","Lisse",0,0,0,0,0,0,0,0,0,0,0,1,1,1,2,2,3,3,4
"179","Lochem",0,0,0,0,0,0,0,1,1,2,2,2,2,2,6,8,11,14,14
"180","Loon op Zand",7,6,7,7,7,7,8,9,11,13,14,16,17,20,20,21,25,29,31
"181","Lopik",0,0,0,0,0,1,2,3,3,3,4,6,9,10,11,12,13,13,17
"182","Loppersum",0,0,0,0,0,0,0,0,0,0,0,0,0,0,0,1,1,1,1
"183","Losser",0,0,0,0,0,0,0,0,0,0,1,1,1,1,1,1,1,1,3
"184","Maasdriel",0,0,0,0,0,0,1,1,1,2,2,2,2,3,3,5,6,8,11
"185","Maasgouw",0,0,0,1,2,2,3,4,5,5,7,8,9,9,10,12,13,13,13
"186","Maassluis",0,0,0,1,1,1,1,2,2,2,3,5,6,7,7,8,11,14,14
"187","Maastricht",8,8,10,16,21,24,33,41,42,56,57,59,60,94,112,118,126,162,173
"188","Medemblik",0,0,0,0,0,0,0,0,0,0,1,2,4,4,4,6,8,14,19
"189","Meerssen",0,0,0,0,0,1,1,2,2,2,2,3,3,8,8,8,8,10,12
"190","Meierijstad",13,18,25,30,34,42,49,60,72,81,95,119,127,139,149,168,195,207,227
"191","Meppel",0,0,0,0,0,0,0,0,0,1,1,1,3,3,3,3,4,6,8
"192","Middelburg",0,0,0,0,0,1,1,2,3,3,4,5,6,6,7,8,9,10,13
"193","Midden-Delfland",0,0,0,0,0,0,0,0,1,2,2,2,2,2,2,2,3,4,4
"194","Midden-Drenthe",0,0,0,0,0,0,0,0,1,1,1,1,1,1,1,2,2,4,5
"195","Midden-Groningen",0,0,0,0,1,1,1,2,2,2,2,2,2,2,2,5,5,6,6
"196","Mill en Sint Hubert",0,0,0,0,1,1,1,1,2,2,2,2,2,5,5,5,7,9,11
"197","Moerdijk",0,1,1,1,1,1,1,1,2,3,3,3,3,4,5,5,6,10,10
"198","Molenlanden",0,0,0,0,1,2,3,7,9,11,11,11,11,13,16,16,17,18,19
"199","Montferland",0,0,0,0,0,0,0,1,1,1,1,2,3,3,3,4,5,6,10
"200","Montfoort",0,0,0,0,0,0,0,0,0,0,0,0,2,3,5,9,11,12,14
"201","Mook en Middelaar",0,0,0,0,0,0,0,0,1,1,1,1,3,5,5,5,5,8,8
"202","Neder-Betuwe",1,1,3,3,4,4,4,4,4,5,5,9,9,11,11,13,16,20,31
"203","Nederweert",0,0,1,3,3,3,5,7,7,7,7,8,9,11,14,18,21,24,27
"204","Nieuwegein",0,0,0,0,1,1,3,4,6,8,9,9,11,11,12,15,17,25,30
"205","Nieuwkoop",0,0,1,1,1,1,1,1,1,1,2,3,3,4,6,6,7,8,10
"206","Nijkerk",0,0,0,0,0,1,2,2,2,2,4,4,7,8,8,12,15,18,18
"207","Nijmegen",4,6,8,9,12,17,31,41,48,55,60,68,79,93,108,122,132,149,178
"208","Nissewaard",0,1,1,1,1,1,3,4,7,11,12,15,15,17,19,23,28,37,38
"209","Noardeast-Frysl√É¬¢n",0,0,0,0,0,0,0,0,1,1,1,1,2,3,3,3,4,4,6
"210","Noord-Beveland",0,0,0,0,0,0,0,0,0,0,0,0,0,1,2,2,2,2,2
"211","Noordenveld",0,0,0,0,0,1,1,1,1,1,1,1,1,1,1,3,3,3,5
"212","Noordoostpolder",0,0,0,2,2,2,2,2,2,2,3,3,3,4,5,8,10,10,11
"213","Noordwijk",2,2,2,2,2,2,2,2,3,2,3,6,6,6,7,8,10,15,17
"214","Nuenen, Gerwen en Nederwetten",1,1,1,1,1,1,1,1,1,1,1,3,4,4,8,10,11,13,14
"215","Nunspeet",0,0,1,1,1,2,2,3,3,4,9,13,17,22,29,31,39,43,45
"216","Oegstgeest",2,2,2,4,4,4,4,4,5,6,7,7,7,8,9,9,12,13,13
"217","Oirschot",0,0,0,0,0,1,1,1,1,1,1,3,3,4,6,8,10,11,14
"218","Oisterwijk",4,5,6,6,6,9,10,10,10,12,15,16,16,16,18,21,23,24,25
"219","Oldambt",0,0,0,0,0,0,0,0,0,0,0,0,0,0,0,0,0,2,2
"220","Oldebroek",0,1,1,1,1,2,2,5,5,5,6,7,7,8,12,16,19,22,28
"221","Oldenzaal",0,0,0,1,1,1,1,2,3,5,6,6,6,8,13,15,17,18,19
"222","Olst-Wijhe",0,0,0,0,0,0,0,0,0,0,2,2,2,4,6,6,6,6,8
"223","Ommen",0,0,0,1,1,1,1,2,2,3,4,4,6,6,7,7,7,10,10
"224","Oost Gelre",0,0,0,0,0,0,0,0,0,1,2,2,2,6,6,6,7,8,11
"225","Oosterhout",0,0,3,4,5,6,8,9,9,12,13,16,22,23,26,29,31,36,40
"226","Ooststellingwerf",0,0,0,0,0,0,0,0,0,0,0,0,0,0,1,1,1,1,1
"227","Oostzaan",0,0,0,0,0,0,1,2,2,3,3,4,5,5,6,7,7,7,7
"228","Opmeer",0,0,0,0,0,0,0,0,0,0,0,0,0,0,0,2,2,2,3
"229","Opsterland",2,2,2,2,2,2,2,2,2,2,2,2,3,3,4,5,6,6,7
"230","Oss",2,3,3,4,5,11,14,20,26,35,44,59,65,73,81,100,128,141,154
"231","Oude IJsselstreek",0,0,0,0,0,1,2,2,2,2,4,4,4,4,4,5,5,7,10
"232","Ouder-Amstel",0,0,0,0,0,0,2,3,3,3,4,4,5,7,7,7,7,9,9
"233","Oudewater",0,0,0,0,1,1,1,1,2,2,3,4,4,7,10,12,18,21,21
"234","Overbetuwe",0,0,0,4,6,8,9,9,11,15,20,22,30,33,38,44,51,54,60
"235","Papendrecht",0,0,0,0,0,0,0,0,1,2,2,4,5,5,6,6,6,7,7
"236","Peel en Maas",3,4,8,10,14,19,31,36,41,49,63,64,69,79,88,96,107,119,134
"237","Pekela",0,1,1,1,1,1,1,1,1,1,2,2,2,2,2,2,2,2,2
"238","Pijnacker-Nootdorp",5,5,6,6,7,8,10,11,11,11,11,11,12,14,16,20,23,24,26
"239","Purmerend",1,1,2,2,2,2,2,4,7,11,14,20,22,23,32,39,48,52,56
"240","Putten",0,0,0,0,0,2,2,2,2,3,3,3,3,3,5,6,6,6,6
"241","Raalte",0,1,1,1,1,2,3,3,3,3,3,5,5,6,10,12,13,15,17
"242","Reimerswaal",0,1,1,1,1,2,2,3,4,5,5,5,5,6,7,7,7,7,7
"243","Renkum",7,7,7,7,8,8,8,8,8,9,9,10,10,11,12,14,17,18,19
"244","Renswoude",0,0,0,0,0,0,0,0,0,0,0,0,0,0,0,0,1,1,1
"245","Reusel-De Mierden",0,0,0,0,0,0,0,0,0,0,0,1,1,1,1,4,4,5,6
"246","Rheden",1,1,1,1,1,1,2,3,4,7,7,10,12,15,18,21,27,30,34
"247","Rhenen",0,0,0,0,0,0,0,0,0,0,0,0,1,1,1,2,5,6,6
"248","Ridderkerk",1,1,1,1,1,1,1,1,1,2,4,5,5,7,9,13,19,27,33
"249","Rijssen-Holten",0,0,0,0,0,0,0,0,0,2,3,4,4,4,9,13,13,17,21
"250","Rijswijk",0,0,0,0,0,1,2,3,3,4,4,5,7,8,10,11,14,16,17
"251","Roerdalen",0,0,0,0,0,0,0,1,1,4,4,6,7,10,10,11,13,14,14
"252","Roermond",1,1,1,2,2,2,4,6,13,15,18,21,23,26,28,29,31,32,32
"253","Roosendaal",1,1,2,2,5,6,6,6,7,8,8,11,16,18,20,24,25,25,26
"254","Rotterdam",15,15,20,24,25,30,41,58,81,104,120,139,149,163,186,204,249,308,341
"255","Rozendaal",0,0,0,0,1,1,1,2,2,2,2,2,2,2,2,2,2,2,2
"256","Rucphen",0,0,0,0,1,1,1,1,2,3,6,6,6,6,6,6,10,10,10
"257","Schagen",1,1,2,3,4,4,4,5,6,6,7,7,7,10,11,12,13,13,16
"258","Scherpenzeel",0,0,0,0,0,0,0,0,0,0,0,1,2,2,2,3,4,5,4
"259","Schiedam",0,0,0,0,1,1,1,1,2,4,6,8,8,10,14,16,19,22,27
"260","Schiermonnikoog",0,0,0,0,0,0,0,0,0,0,0,0,0,0,0,0,0,0,0
"261","Schouwen-Duiveland",2,2,2,2,2,2,2,2,2,2,3,3,3,3,6,8,9,9,10
"262","Simpelveld",2,2,2,2,3,3,4,5,5,5,5,5,5,7,8,10,10,11,12
"263","Sint Anthonis",0,0,0,2,2,3,4,5,8,10,12,13,13,13,13,14,18,21,30
"264","Sint-Michielsgestel",5,5,5,6,6,8,8,10,10,12,12,14,14,17,18,22,28,29,32
"265","Sittard-Geleen",20,20,23,35,37,38,42,51,51,58,58,59,61,84,86,94,98,102,106
"266","Sliedrecht",0,0,0,0,0,0,1,1,1,2,3,3,3,4,5,7,6,6,6
"267","Sluis",0,0,0,0,1,2,2,2,2,3,3,4,4,5,5,6,6,6,6
"268","Smallingerland",1,1,1,2,3,3,3,3,3,3,3,3,3,3,4,5,5,7,8
"269","Soest",8,8,8,8,8,10,11,12,13,14,15,16,16,20,21,23,28,28,29
"270","Someren",0,0,0,1,1,1,2,3,3,5,5,6,7,7,10,15,19,22,27
"271","Son en Breugel",1,1,2,2,2,4,4,4,5,7,8,10,10,13,15,19,20,22,24
"272","Stadskanaal",0,0,0,0,0,0,0,0,0,0,0,0,0,0,0,1,1,1,1
"273","Staphorst",0,0,0,1,1,1,1,1,2,3,3,3,4,4,4,4,5,5,5
"274","Stede Broec",0,0,0,0,0,1,1,1,3,3,5,5,8,9,13,17,18,18,20
"275","Steenbergen",0,0,0,0,1,2,2,2,4,4,5,8,8,9,11,11,14,14,17
"276","Steenwijkerland",0,0,0,0,0,0,1,1,1,1,3,3,4,5,6,8,8,8,10
"277","Stein",1,1,1,3,3,3,3,4,4,5,5,6,9,24,24,28,29,31,32
"278","Stichtse Vecht",5,5,6,6,7,7,8,9,10,10,10,12,13,16,22,27,30,31,33
"279","S√∫dwest Frysl√¢n",0,1,1,1,1,1,1,2,2,2,4,5,5,6,8,12,16,19,22
"280","Terneuzen",0,0,0,1,1,1,4,5,6,5,7,5,7,10,11,12,13,13,16
"281","Terschelling",0,0,0,0,0,0,2,3,4,0,5,0,6,6,10,14,0,17,18
"282","Texel",0,0,0,0,0,0,0,0,0,3,3,3,3,3,3,3,3,3,3
"283","Teylingen",0,0,0,0,0,1,2,2,2,3,5,7,7,7,8,10,11,11,13
"284","Tholen",0,0,0,0,1,1,1,2,2,2,7,7,8,11,13,14,20,25,30
"285","Tiel",1,2,2,2,3,4,4,4,4,4,4,5,6,8,14,20,23,27,29
"286","Tilburg",42,50,67,68,68,84,88,95,119,133,154,178,193,211,224,230,254,284,306
"287","Tubbergen",1,1,1,1,1,1,1,1,3,3,3,3,4,4,4,9,11,12,13
"288","Twenterand",0,0,0,0,0,0,0,0,0,0,1,1,2,3,3,3,5,5,6
"289","Tynaarlo",0,0,0,0,0,0,1,3,4,5,7,8,8,10,13,15,16,16,17
"290","Tytsjerksteradiel",0,0,0,0,0,1,1,1,1,1,1,1,1,1,2,2,3,4,4
"291","Uden",18,21,25,28,33,43,49,53,60,71,76,82,84,92,94,107,123,130,142
"292","Uitgeest",0,0,0,0,0,0,0,0,0,2,2,4,4,4,4,4,7,7,8
"293","Uithoorn",0,0,0,0,0,0,0,1,2,2,2,2,2,4,5,7,11,16,17
"294","Urk",0,0,0,0,0,0,0,1,4,5,6,7,7,7,7,8,9,10,14
"295","Utrecht",18,25,26,30,38,48,60,69,83,101,121,131,145,160,191,215,243,265,290
"296","Utrechtse Heuvelrug",2,2,2,2,2,3,5,6,8,8,8,11,14,14,15,17,22,25,30
"297","Vaals",0,0,0,0,0,0,0,0,0,0,0,0,0,3,4,6,6,6,8
"298","Valkenburg aan de Geul",0,0,0,0,0,1,2,2,2,4,4,4,4,8,9,10,11,12,13
"299","Valkenswaard",0,0,0,0,0,0,0,1,1,2,4,4,5,8,9,17,20,26,31
"300","Veendam",0,0,0,0,0,0,0,0,0,0,0,0,0,0,1,1,1,2,2
"301","Veenendaal",0,1,1,1,1,1,1,1,2,2,2,3,6,6,7,7,13,14,15
"302","Veere",1,1,1,1,1,1,1,1,1,2,5,5,6,6,6,7,8,9,9
"303","Veldhoven",1,1,1,1,1,1,1,1,2,5,9,11,11,14,18,22,22,24,26
"304","Velsen",0,1,1,1,1,4,4,4,4,5,8,10,11,15,15,23,25,31,38
"305","Venlo",1,2,2,3,4,6,8,12,21,24,33,33,35,40,47,54,67,71,86
"306","Venray",0,0,0,0,0,0,0,1,3,6,8,9,10,13,17,20,21,26,31
"307","Vijfheerenlanden",1,1,2,2,2,3,4,4,7,7,9,11,12,18,21,24,24,27,36
"308","Vlaardingen",0,1,1,1,1,1,2,2,4,7,12,15,15,18,22,24,28,30,35
"309","Vlieland",0,0,0,0,0,0,0,0,0,0,0,0,0,0,0,0,0,0,0
"310","Vlissingen",0,2,2,2,2,3,4,4,5,6,6,6,8,8,8,8,8,10,10
"311","Voerendaal",0,0,0,0,0,0,1,3,3,4,4,4,4,5,6,7,7,8,10
"312","Voorschoten",0,0,0,0,0,0,0,1,1,2,2,3,3,3,5,6,6,7,8
"313","Voorst",1,1,1,1,1,1,1,1,1,1,2,2,2,3,6,10,13,15,18
"314","Vught",1,2,2,2,2,3,6,7,8,8,11,15,17,19,22,25,29,31,36
"315","Waadhoeke",0,0,0,0,0,0,0,0,0,0,0,0,0,0,0,2,3,3,6
"316","Waalre",1,1,1,1,1,1,1,2,2,2,2,2,2,3,2,6,6,6,7
"317","Waalwijk",6,6,9,8,8,10,11,12,13,15,16,22,24,29,34,39,46,54,59
"318","Waddinxveen",1,1,1,1,1,1,1,1,3,3,4,4,4,4,5,6,7,8,9
"319","Wageningen",0,0,0,0,0,0,1,1,1,2,3,3,3,3,3,4,5,7,8
"320","Wassenaar",0,0,1,2,2,3,3,3,4,4,5,5,5,5,5,6,6,6,6
"321","Waterland",1,1,1,1,2,3,3,4,7,7,8,8,9,10,11,11,11,11,12
"322","Weert",0,0,0,0,0,0,0,0,0,4,7,7,12,17,24,28,27,36,41
"323","Weesp",0,0,0,0,0,0,0,0,0,1,1,1,1,2,6,7,8,10,10
"324","West Betuwe",2,2,3,3,3,3,6,6,8,11,12,12,15,17,19,22,24,34,34
"325","West Maas en Waal",1,2,2,2,3,3,3,3,3,4,4,6,7,8,11,13,13,15,17
"326","Westerkwartier",0,0,0,0,1,1,1,1,3,2,3,6,8,8,9,12,15,16,18
"327","Westerveld",0,0,0,0,0,0,0,0,0,0,1,1,2,2,2,2,3,4,5
"328","Westervoort",0,0,0,0,0,0,0,0,0,1,1,2,2,2,2,2,2,4,4
"329","Westerwolde",0,0,0,0,0,0,0,0,0,0,0,0,0,0,3,3,3,3,4
"330","Westland",0,0,0,0,1,1,3,6,7,9,11,15,21,25,28,30,38,45,58
"331","Weststellingwerf",0,0,0,0,0,0,0,0,0,0,1,1,1,1,1,2,2,2,3
"332","Westvoorne",1,1,1,2,3,3,3,3,3,3,3,5,7,8,8,8,9,11,11
"333","Wierden",0,0,0,0,0,0,0,0,0,0,0,0,0,0,1,2,4,7,9
"334","Wijchen",1,2,3,2,4,5,6,8,8,14,17,20,21,23,24,30,30,35,38
"335","Wijdemeren",0,0,0,0,0,0,0,1,1,1,1,1,1,1,3,4,4,5,5
"336","Wijk bij Duurstede",1,2,2,3,3,3,4,4,4,5,6,6,6,6,6,7,7,9,10
"337","Winterswijk",0,0,0,0,0,0,0,0,0,0,1,2,2,2,2,2,3,3,4
"338","Woensdrecht",0,0,0,0,0,0,0,0,0,0,0,2,3,4,5,5,5,6,6
"339","Woerden",2,2,2,2,2,2,3,4,4,5,6,7,14,19,22,25,25,34,40
"340","Wormerland",0,0,0,0,0,0,0,0,1,1,1,1,2,2,3,5,6,7,8
"341","Woudenberg",1,1,1,1,1,1,1,2,2,3,3,3,4,4,6,7,6,6,7
"342","Zaanstad",2,2,2,2,2,2,2,2,4,3,9,11,19,20,29,31,46,50,56
"343","Zaltbommel",1,1,1,1,1,1,3,3,3,4,5,6,7,7,7,7,9,13,16
"344","Zandvoort",0,0,0,1,1,1,1,1,1,1,2,2,3,6,6,6,6,7,10
"345","Zeewolde",1,1,1,1,2,2,2,3,3,4,4,4,4,4,5,6,7,7,8
"346","Zeist",3,4,4,4,6,8,12,12,12,13,17,17,19,20,25,28,34,40,44
"347","Zevenaar",0,0,0,0,0,0,0,2,3,5,6,8,9,10,10,10,12,15,20
"348","Zoetermeer",0,0,0,0,0,0,0,1,1,4,4,5,7,8,13,14,17,21,26
"349","Zoeterwoude",0,0,0,0,0,0,0,0,0,0,0,0,0,1,1,1,2,2,3
"350","Zuidplas",0,0,0,0,0,0,0,0,0,0,1,3,3,3,6,10,11,15,16
"351","Zundert",2,2,3,3,3,3,4,6,6,7,7,7,9,11,14,15,17,23,24
"352","Zutphen",0,0,0,0,0,0,1,1,1,2,4,4,6,6,8,8,10,11,15
"353","Zwartewaterland",0,0,2,2,2,2,4,4,5,9,15,17,19,22,30,33,36,38,43
"354","Zwijndrecht",0,0,0,2,3,3,4,5,6,6,6,6,6,8,9,11,13,13,15
"355","Zwolle",2,2,2,3,4,6,8,12,16,18,23,28,35,40,47,56,63,68,79
