"","X","Gemeente","X11.Mar","X12.Mar","X13.Mar","X14.Mar","X15.Mar","X16.Mar","X17.Mar","X18.Mar","X19.Mar","X20.Mar","X21.Mar","X22.Mar","X23.Mar","X24.Mar","X25.Mar","X26.Mar","X27.Mar","X28.Mar"
"1",1,"'s-Gravenhage",7,7,8,9,10,14,17,21,27,NA,44,NA,53,63,81,103,124,161
"2",2,"'s-Hertogenbosch",5,8,11,14,14,20,24,30,35,NA,45,NA,60,67,75,87,108,117
"3",3,"Aa en Hunze",0,0,0,0,0,0,0,0,0,NA,0,NA,1,1,1,3,3,4
"4",4,"Aalsmeer",2,2,3,3,3,3,3,3,4,NA,5,NA,8,9,10,11,12,16
"5",5,"Aalten",0,0,0,0,0,0,0,0,0,NA,1,NA,1,1,2,2,3,3
"6",6,"Achtkarspelen",0,0,0,0,0,0,0,0,0,NA,0,NA,0,0,1,1,2,2
"7",7,"Alblasserdam",0,0,0,0,0,0,1,1,2,NA,3,NA,4,4,5,6,6,6
"8",8,"Albrandswaard",1,1,1,1,1,2,3,4,4,NA,8,NA,14,18,18,19,21,23
"9",9,"Alkmaar",1,1,1,1,1,2,2,5,9,NA,11,NA,16,20,24,29,36,42
"10",10,"Almelo",1,1,1,1,1,1,1,1,2,NA,4,NA,7,8,10,12,14,15
"11",11,"Almere",1,1,1,2,2,3,3,4,5,NA,11,NA,18,21,28,32,39,48
"12",12,"Alphen aan den Rijn",2,3,4,6,6,6,6,9,10,NA,15,NA,17,20,22,30,32,35
"13",13,"Alphen-Chaam",0,0,0,1,1,2,3,6,6,NA,7,NA,14,15,16,19,19,21
"14",14,"Altena",4,5,8,9,10,12,12,15,19,NA,22,NA,25,28,35,35,39,41
"15",15,"Ameland",0,0,0,0,0,0,0,0,0,NA,0,NA,0,0,0,0,0,0
"16",16,"Amersfoort",2,4,4,4,10,18,21,23,30,NA,37,NA,41,44,47,54,59,63
"17",17,"Amstelveen",2,2,3,3,3,4,6,7,13,NA,26,NA,29,33,35,46,52,63
"18",18,"Amsterdam",8,11,20,31,31,39,56,61,85,NA,161,NA,203,250,297,351,411,477
"19",19,"Apeldoorn",1,2,2,3,3,7,7,10,11,NA,16,NA,26,29,34,39,49,52
"20",20,"Appingedam",0,0,0,0,0,0,0,0,0,NA,0,NA,0,0,0,0,1,1
"21",21,"Arnhem",3,4,4,4,7,7,8,9,10,NA,15,NA,20,23,25,34,46,52
"22",22,"Assen",0,0,0,0,0,0,0,0,0,NA,1,NA,4,5,5,7,8,10
"23",23,"Asten",0,0,0,0,1,1,2,2,2,NA,5,NA,5,6,6,6,8,10
"24",24,"Baarle-Nassau",0,0,0,0,0,0,0,0,0,NA,1,NA,1,1,2,2,2,2
"25",25,"Baarn",0,0,0,0,0,0,0,0,2,NA,1,NA,2,2,4,5,5,6
"26",26,"Barendrecht",0,1,1,1,3,3,3,3,4,NA,9,NA,13,15,16,19,21,28
"27",27,"Barneveld",0,0,0,0,2,3,4,5,6,NA,8,NA,10,12,13,13,17,19
"28",28,"Beek",0,0,0,0,3,3,3,3,3,NA,5,NA,5,9,13,13,13,14
"29",29,"Beekdaelen",8,8,8,9,12,13,15,18,18,NA,19,NA,20,29,30,32,34,37
"30",30,"Beemster",0,0,0,0,0,0,0,0,0,NA,0,NA,0,1,2,2,4,4
"31",31,"Beesel",0,0,0,0,0,0,0,0,0,NA,3,NA,5,6,7,8,11,13
"32",32,"Berg en Dal",3,3,5,6,6,10,14,14,18,NA,25,NA,33,35,37,43,44,53
"33",33,"Bergeijk",1,1,1,1,1,1,1,1,1,NA,1,NA,3,5,10,11,13,14
"34",34,"Bergen (L)",0,0,0,0,0,0,0,1,1,NA,1,NA,1,1,1,1,2,2
"35",35,"Bergen (NH)",0,0,0,0,1,1,1,2,4,NA,6,NA,9,12,12,14,16,20
"36",36,"Bergen op Zoom",1,1,1,1,4,4,5,5,6,NA,9,NA,12,12,12,13,15,17
"37",37,"Berkelland",0,0,0,0,0,0,0,0,1,NA,1,NA,2,2,2,2,2,2
"38",38,"Bernheze",2,4,13,15,16,19,20,26,30,NA,41,NA,62,67,69,83,87,95
"39",39,"Best",3,3,3,3,3,4,5,6,6,NA,11,NA,14,17,19,21,23,23
"40",40,"Beuningen",3,3,3,4,4,5,6,6,6,NA,9,NA,12,13,15,15,16,18
"41",41,"Beverwijk",4,5,5,5,5,5,6,6,6,NA,6,NA,7,11,11,12,13,17
"42",42,"Bladel",0,0,0,1,1,1,1,2,3,NA,7,NA,12,14,15,15,15,18
"43",43,"Blaricum",1,1,1,1,1,1,1,2,2,NA,4,NA,4,4,5,6,6,6
"44",44,"Bloemendaal",1,1,1,1,1,1,3,3,3,NA,8,NA,11,13,13,16,17,19
"45",45,"Bodegraven-Reeuwijk",0,1,1,1,1,1,1,1,1,NA,3,NA,5,5,5,8,9,10
"46",46,"Boekel",7,8,11,12,12,14,14,19,20,NA,32,NA,40,42,42,42,51,53
"47",47,"Borger-Odoorn",0,0,0,0,0,0,0,0,0,NA,0,NA,0,0,0,0,1,1
"48",48,"Borne",3,2,3,3,3,3,3,3,3,NA,4,NA,7,8,11,12,13,15
"49",49,"Borsele",1,1,1,1,1,2,2,2,3,NA,3,NA,3,4,5,6,7,7
"50",50,"Boxmeer",0,0,1,1,1,1,1,2,2,NA,6,NA,7,9,9,10,13,17
"51",51,"Boxtel",0,1,1,2,2,3,5,5,6,NA,11,NA,12,15,15,19,22,24
"52",52,"Breda",32,42,53,64,71,86,96,105,113,NA,133,NA,161,167,181,201,215,227
"53",53,"Brielle",0,0,0,0,0,0,0,0,1,NA,1,NA,1,1,1,2,5,10
"54",54,"Bronckhorst",2,2,2,2,2,2,2,2,3,NA,6,NA,6,7,7,8,8,9
"55",55,"Brummen",0,0,0,0,0,0,0,0,1,NA,1,NA,4,4,4,4,5,5
"56",56,"Brunssum",0,0,0,0,0,0,2,4,4,NA,6,NA,8,17,20,22,24,25
"57",57,"Bunnik",0,0,0,0,0,0,0,0,1,NA,3,NA,4,6,8,9,9,10
"58",58,"Bunschoten",0,0,0,0,0,0,0,0,0,NA,0,NA,0,1,3,3,3,4
"59",59,"Buren",0,1,2,2,2,4,4,4,5,NA,5,NA,5,6,7,7,7,7
"60",60,"Capelle aan den IJssel",0,0,0,0,0,0,1,1,2,NA,3,NA,7,13,23,26,31,41
"61",61,"Castricum",0,0,0,4,5,5,5,5,6,NA,7,NA,8,10,10,13,18,19
"62",62,"Coevorden",11,11,11,11,11,11,11,12,12,NA,14,NA,14,15,15,17,17,20
"63",63,"Cranendonck",1,1,2,2,2,2,5,6,6,NA,11,NA,19,23,25,31,42,42
"64",64,"Cuijk",1,1,2,2,2,2,2,2,4,NA,4,NA,5,6,8,8,8,10
"65",65,"Culemborg",1,1,2,2,2,2,4,4,4,NA,5,NA,5,8,8,14,14,16
"66",66,"Dalfsen",0,0,0,0,1,1,1,1,1,NA,5,NA,9,11,12,13,14,15
"67",67,"Dantumadiel",0,0,0,0,0,0,0,0,0,NA,0,NA,0,0,0,1,1,1
"68",68,"De Bilt",10,11,11,11,12,13,15,16,16,NA,19,NA,23,27,32,34,36,39
"69",69,"De Fryske Marren",0,1,2,2,3,3,3,5,5,NA,8,NA,8,8,9,12,12,17
"70",70,"De Ronde Venen",0,0,0,0,0,2,2,2,2,NA,3,NA,6,8,9,13,17,17
"71",71,"De Wolden",0,0,0,1,1,1,1,1,1,NA,3,NA,3,3,3,3,3,7
"72",72,"Delft",1,1,2,2,2,2,2,4,5,NA,11,NA,16,17,21,25,27,29
"73",73,"Delfzijl",0,0,0,0,0,0,0,0,0,NA,0,NA,1,1,1,2,4,7
"74",74,"Den Helder",1,1,1,1,1,1,1,1,2,NA,3,NA,4,5,5,6,9,9
"75",75,"Deurne",3,3,3,3,4,5,8,8,10,NA,19,NA,22,25,30,35,42,46
"76",76,"Deventer",0,0,0,0,1,2,4,5,5,NA,16,NA,17,20,26,30,33,45
"77",77,"Diemen",2,2,2,2,2,2,2,2,2,NA,3,NA,4,4,6,6,7,7
"78",78,"Dinkelland",2,1,3,4,4,5,5,6,8,NA,13,NA,15,17,20,25,28,30
"79",79,"Doesburg",0,0,0,0,1,1,1,1,1,NA,3,NA,4,4,5,5,6,6
"80",80,"Doetinchem",0,0,0,0,0,0,0,0,3,NA,5,NA,6,8,10,17,17,18
"81",81,"Dongen",4,4,4,5,5,5,5,5,5,NA,2,NA,2,4,6,6,10,12
"82",82,"Dordrecht",0,0,1,1,1,1,4,4,8,NA,12,NA,17,23,26,28,32,36
"83",83,"Drechterland",0,0,0,0,0,0,0,0,0,NA,2,NA,2,3,3,4,4,5
"84",84,"Drimmelen",1,3,5,5,5,7,11,12,13,NA,14,NA,16,17,20,21,24,26
"85",85,"Dronten",0,0,2,3,6,7,7,8,9,NA,11,NA,11,11,11,11,11,11
"86",86,"Druten",0,0,1,3,5,5,5,5,5,NA,5,NA,6,6,7,7,11,13
"87",87,"Duiven",0,0,1,1,1,1,1,2,2,NA,2,NA,2,2,2,3,4,6
"88",88,"Echt-Susteren",0,0,0,0,0,0,2,6,6,NA,11,NA,14,15,20,23,25,28
"89",89,"Edam-Volendam",0,0,0,0,0,0,0,0,3,NA,4,NA,6,7,9,10,14,14
"90",90,"Ede",0,0,0,0,1,2,2,5,5,NA,13,NA,21,22,26,33,37,46
"91",91,"Eemnes",0,0,0,0,0,0,0,1,1,NA,1,NA,1,1,1,1,1,1
"92",92,"Eersel",0,1,1,2,2,2,3,4,4,NA,7,NA,10,13,13,14,15,17
"93",93,"Eijsden-Margraten",0,0,0,1,3,4,4,4,4,NA,6,NA,7,15,20,26,32,43
"94",94,"Eindhoven",8,8,12,13,21,21,22,23,24,NA,35,NA,55,68,80,93,113,128
"95",95,"Elburg",0,0,1,1,1,1,1,1,1,NA,2,NA,4,4,5,6,9,11
"96",96,"Emmen",1,1,1,1,1,1,1,2,3,NA,4,NA,6,7,8,8,10,12
"97",97,"Enkhuizen",0,0,0,0,0,1,1,1,5,NA,6,NA,8,10,13,15,17,17
"98",98,"Enschede",1,3,3,3,3,3,3,4,7,NA,16,NA,20,20,26,34,45,49
"99",99,"Epe",0,0,0,0,0,2,2,4,4,NA,6,NA,10,13,15,16,18,20
"100",100,"Ermelo",1,3,4,5,7,8,8,8,8,NA,11,NA,13,14,17,17,18,19
"101",101,"Etten-Leur",5,5,6,7,8,10,12,13,14,NA,18,NA,24,24,31,37,40,50
"102",102,"Geertruidenberg",1,1,1,1,1,3,5,7,7,NA,7,NA,10,10,11,11,11,12
"103",103,"Geldrop-Mierlo",0,1,2,2,2,3,3,3,4,NA,6,NA,8,9,15,16,20,22
"104",104,"Gemert-Bakel",4,7,11,13,16,20,25,26,31,NA,42,NA,56,64,68,71,76,82
"105",105,"Gennep",0,0,1,1,1,1,1,2,4,NA,5,NA,7,7,7,8,9,14
"106",106,"Gilze en Rijen",0,0,1,1,1,1,1,3,5,NA,7,NA,13,16,18,19,22,25
"107",107,"Goeree-Overflakkee",0,0,1,1,2,4,5,7,8,NA,16,NA,36,43,44,56,77,92
"108",108,"Goes",2,2,2,2,2,2,2,3,3,NA,3,NA,3,4,4,7,12,12
"109",109,"Goirle",6,6,6,6,6,9,9,9,11,NA,12,NA,13,16,18,21,24,26
"110",110,"Gooise Meren",3,3,3,4,4,4,9,9,10,NA,11,NA,11,12,18,20,24,25
"111",111,"Gorinchem",0,0,0,0,0,0,0,0,1,NA,0,NA,2,4,8,9,13,14
"112",112,"Gouda",2,2,2,2,3,4,5,7,9,NA,12,NA,16,17,18,25,31,35
"113",113,"Grave",0,0,0,0,0,0,0,1,2,NA,6,NA,11,11,11,14,16,19
"114",114,"Groningen",0,2,3,3,6,7,7,11,23,NA,39,NA,53,53,58,76,80,85
"115",115,"Gulpen-Wittem",0,0,0,0,1,2,2,2,2,NA,2,NA,2,4,5,5,7,8
"116",116,"Haaksbergen",0,0,0,0,1,1,1,1,1,NA,1,NA,3,3,3,4,6,9
"117",117,"Haaren",6,6,7,7,7,7,7,9,9,NA,10,NA,12,12,12,14,18,21
"118",118,"Haarlem",1,1,4,4,4,6,7,7,10,NA,25,NA,29,41,46,54,66,73
"119",119,"Haarlemmermeer",0,0,0,0,1,2,4,4,5,NA,12,NA,18,23,23,30,40,45
"120",120,"Halderberge",0,0,0,0,0,2,2,2,2,NA,5,NA,7,8,8,8,10,12
"121",121,"Hardenberg",0,0,0,0,0,0,0,0,0,NA,3,NA,4,6,7,9,11,16
"122",122,"Harderwijk",0,2,2,2,2,4,4,5,5,NA,5,NA,8,9,13,14,18,18
"123",123,"Hardinxveld-Giessendam",5,5,5,5,5,5,5,5,5,NA,6,NA,6,6,6,6,7,7
"124",124,"Harlingen",0,0,0,0,0,1,1,1,1,NA,3,NA,3,3,3,3,3,3
"125",125,"Hattem",0,0,0,0,0,0,0,0,0,NA,1,NA,1,2,3,5,7,7
"126",126,"Heemskerk",0,0,1,1,1,2,2,2,3,NA,5,NA,5,7,9,10,16,19
"127",127,"Heemstede",1,2,2,2,2,5,5,5,5,NA,11,NA,13,16,17,21,24,27
"128",128,"Heerde",0,0,0,0,0,2,3,3,4,NA,9,NA,13,15,19,24,27,28
"129",129,"Heerenveen",0,0,0,0,0,0,0,0,0,NA,2,NA,3,3,3,4,5,7
"130",130,"Heerhugowaard",0,0,0,0,1,1,1,2,2,NA,5,NA,10,15,16,19,20,23
"131",131,"Heerlen",1,2,2,4,5,6,8,14,15,NA,19,NA,29,46,53,63,68,75
"132",132,"Heeze-Leende",1,1,1,1,1,2,3,4,4,NA,4,NA,7,7,10,10,12,12
"133",133,"Heiloo",0,0,2,2,2,3,3,3,3,NA,4,NA,6,8,9,10,13,13
"134",134,"Hellendoorn",2,2,2,2,2,2,2,2,2,NA,3,NA,5,6,7,7,8,10
"135",135,"Hellevoetsluis",0,1,1,1,1,1,1,1,1,NA,4,NA,5,5,5,7,10,15
"136",136,"Helmond",12,14,16,17,17,17,19,20,22,NA,32,NA,49,55,63,66,75,91
"137",137,"Hendrik-Ido-Ambacht",0,2,0,0,0,0,0,0,0,NA,0,NA,2,2,3,5,5,5
"138",138,"Hengelo (O)",0,0,0,0,0,3,3,4,4,NA,13,NA,15,16,17,21,23,25
"139",139,"Het Hogeland",0,0,0,0,0,0,0,0,0,NA,0,NA,1,1,4,6,7,7
"140",140,"Heumen",0,0,0,0,2,2,3,5,6,NA,7,NA,9,11,12,15,15,16
"141",141,"Heusden",2,3,4,4,4,4,4,5,6,NA,11,NA,16,19,20,25,37,39
"142",142,"Hillegom",0,0,0,0,0,0,0,1,1,NA,2,NA,2,3,3,3,3,4
"143",143,"Hilvarenbeek",1,1,5,5,5,4,4,4,4,NA,5,NA,7,8,10,10,10,12
"144",144,"Hilversum",0,0,0,0,0,0,3,3,3,NA,7,NA,7,7,16,18,24,24
"145",145,"Hoeksche Waard",2,1,1,1,2,4,6,8,12,NA,17,NA,23,31,36,43,51,55
"146",146,"Hof van Twente",0,0,0,0,1,1,1,3,3,NA,4,NA,5,5,6,8,14,17
"147",147,"Hollands Kroon",0,0,0,0,0,0,0,1,3,NA,6,NA,8,10,10,14,17,18
"148",148,"Hoogeveen",0,0,1,2,2,2,2,3,3,NA,5,NA,5,6,7,7,8,9
"149",149,"Hoorn",0,0,0,0,0,1,1,1,2,NA,8,NA,11,12,14,15,17,20
"150",150,"Horst aan de Maas",0,0,2,3,3,5,8,8,10,NA,13,NA,16,17,18,20,25,27
"151",151,"Houten",13,13,13,13,13,13,13,14,17,NA,19,NA,25,29,37,43,47,52
"152",152,"Huizen",2,1,1,1,1,1,1,2,3,NA,3,NA,3,3,7,8,13,13
"153",153,"Hulst",0,0,0,0,0,0,0,0,0,NA,0,NA,0,0,1,1,2,3
"154",154,"IJsselstein",1,1,1,1,2,4,6,7,8,NA,11,NA,16,16,18,23,26,31
"155",155,"Kaag en Braassem",0,0,0,0,0,0,0,0,1,NA,1,NA,2,4,5,5,5,6
"156",156,"Kampen",0,0,0,0,0,0,1,2,2,NA,12,NA,17,20,30,41,45,55
"157",157,"Kapelle",0,0,0,0,0,0,1,2,2,NA,2,NA,2,2,2,2,2,2
"158",158,"Katwijk",0,1,1,1,1,1,1,2,2,NA,5,NA,6,6,7,10,15,19
"159",159,"Kerkrade",0,0,0,1,2,2,3,3,3,NA,6,NA,8,17,21,26,28,32
"160",160,"Koggenland",0,0,0,1,1,1,1,1,1,NA,1,NA,4,4,5,6,6,9
"161",161,"Krimpen aan den IJssel",0,1,1,1,1,1,1,1,2,NA,2,NA,3,3,6,7,7,12
"162",162,"Krimpenerwaard",3,3,3,3,4,4,4,4,5,NA,9,NA,11,12,16,19,24,30
"163",163,"Laarbeek",0,0,1,1,1,1,1,2,4,NA,8,NA,13,17,19,24,33,39
"164",164,"Landerd",2,2,4,5,5,10,14,16,18,NA,20,NA,23,25,25,34,42,44
"165",165,"Landgraaf",0,1,2,4,4,4,4,7,7,NA,9,NA,11,18,21,25,28,29
"166",166,"Landsmeer",0,2,2,2,3,3,3,3,3,NA,4,NA,5,6,6,7,7,7
"167",167,"Langedijk",1,1,3,3,4,4,4,4,4,NA,4,NA,5,12,12,13,14,14
"168",168,"Lansingerland",4,4,4,4,5,5,7,10,13,NA,16,NA,20,24,25,28,34,45
"169",169,"Laren",0,0,0,0,0,0,0,0,0,NA,0,NA,0,3,4,5,8,8
"170",170,"Leeuwarden",0,1,1,1,1,2,3,4,5,NA,8,NA,10,10,12,15,19,20
"171",171,"Leiden",1,1,4,4,4,8,8,11,12,NA,16,NA,16,20,21,28,30,35
"172",172,"Leiderdorp",0,0,0,0,0,1,1,2,2,NA,2,NA,2,2,3,4,4,5
"173",173,"Leidschendam-Voorburg",2,2,3,3,3,4,5,6,6,NA,9,NA,10,13,14,17,18,21
"174",174,"Lelystad",1,1,3,6,7,8,10,12,13,NA,15,NA,21,24,26,27,29,31
"175",175,"Leudal",3,4,4,6,6,7,8,11,13,NA,20,NA,23,26,29,32,37,41
"176",176,"Leusden",0,0,0,0,0,1,1,3,4,NA,6,NA,7,9,13,13,16,17
"177",177,"Lingewaard",2,2,2,3,3,3,3,4,5,NA,6,NA,10,11,14,14,22,25
"178",178,"Lisse",0,0,0,0,0,0,0,0,0,NA,0,NA,1,1,2,2,3,3
"179",179,"Lochem",0,0,0,0,0,0,0,1,1,NA,2,NA,2,2,6,8,11,14
"180",180,"Loon op Zand",7,6,7,7,7,7,8,9,11,NA,14,NA,17,20,20,21,25,29
"181",181,"Lopik",0,0,0,0,0,1,2,3,3,NA,4,NA,9,10,11,12,13,13
"182",182,"Loppersum",0,0,0,0,0,0,0,0,0,NA,0,NA,0,0,0,1,1,1
"183",183,"Losser",0,0,0,0,0,0,0,0,0,NA,1,NA,1,1,1,1,1,1
"184",184,"Maasdriel",0,0,0,0,0,0,1,1,1,NA,2,NA,2,3,3,5,6,8
"185",185,"Maasgouw",0,0,0,1,2,2,3,4,5,NA,7,NA,9,9,10,12,13,13
"186",186,"Maassluis",0,0,0,1,1,1,1,2,2,NA,3,NA,6,7,7,8,11,14
"187",187,"Maastricht",8,8,10,16,21,24,33,41,42,NA,57,NA,60,94,112,118,126,162
"188",188,"Medemblik",0,0,0,0,0,0,0,0,0,NA,1,NA,4,4,4,6,8,14
"189",189,"Meerssen",0,0,0,0,0,1,1,2,2,NA,2,NA,3,8,8,8,8,10
"190",190,"Meierijstad",13,18,25,30,34,42,49,60,72,NA,95,NA,127,139,149,168,195,207
"191",191,"Meppel",0,0,0,0,0,0,0,0,0,NA,1,NA,3,3,3,3,4,6
"192",192,"Middelburg",0,0,0,0,0,1,1,2,3,NA,4,NA,6,6,7,8,9,10
"193",193,"Midden-Delfland",0,0,0,0,0,0,0,0,1,NA,2,NA,2,2,2,2,3,4
"194",194,"Midden-Drenthe",0,0,0,0,0,0,0,0,1,NA,1,NA,1,1,1,2,2,4
"195",195,"Midden-Groningen",0,0,0,0,1,1,1,2,2,NA,2,NA,2,2,2,5,5,6
"196",196,"Mill en Sint Hubert",0,0,0,0,1,1,1,1,2,NA,2,NA,2,5,5,5,7,9
"197",197,"Moerdijk",0,1,1,1,1,1,1,1,2,NA,3,NA,3,4,5,5,6,10
"198",198,"Molenlanden",0,0,0,0,1,2,3,7,9,NA,11,NA,11,13,16,16,17,18
"199",199,"Montferland",0,0,0,0,0,0,0,1,1,NA,1,NA,3,3,3,4,5,6
"200",200,"Montfoort",0,0,0,0,0,0,0,0,0,NA,0,NA,2,3,5,9,11,12
"201",201,"Mook en Middelaar",0,0,0,0,0,0,0,0,1,NA,1,NA,3,5,5,5,5,8
"202",202,"Neder-Betuwe",1,1,3,3,4,4,4,4,4,NA,5,NA,9,11,11,13,16,20
"203",203,"Nederweert",0,0,1,3,3,3,5,7,7,NA,7,NA,9,11,14,18,21,24
"204",204,"Nieuwegein",0,0,0,0,1,1,3,4,6,NA,9,NA,11,11,12,15,17,25
"205",205,"Nieuwkoop",0,0,1,1,1,1,1,1,1,NA,2,NA,3,4,6,6,7,8
"206",206,"Nijkerk",0,0,0,0,0,1,2,2,2,NA,4,NA,7,8,8,12,15,18
"207",207,"Nijmegen",4,6,8,9,12,17,31,41,48,NA,60,NA,79,93,108,122,132,149
"208",208,"Nissewaard",0,1,1,1,1,1,3,4,7,NA,12,NA,15,17,19,23,28,37
"209",209,"Noardeast-FryslĂÂ˘n",0,0,0,0,0,0,0,0,1,NA,1,NA,2,3,3,3,4,4
"210",210,"Noord-Beveland",0,0,0,0,0,0,0,0,0,NA,0,NA,0,1,2,2,2,2
"211",211,"Noordenveld",0,0,0,0,0,1,1,1,1,NA,1,NA,1,1,1,3,3,3
"212",212,"Noordoostpolder",0,0,0,2,2,2,2,2,2,NA,3,NA,3,4,5,8,10,10
"213",213,"Noordwijk",2,2,2,2,2,2,2,2,3,NA,3,NA,6,6,7,8,10,15
"214",214,"Nuenen, Gerwen en Nederwetten",1,1,1,1,1,1,1,1,1,NA,1,NA,4,4,8,10,11,13
"215",215,"Nunspeet",0,0,1,1,1,2,2,3,3,NA,9,NA,17,22,29,31,39,43
"216",216,"Oegstgeest",2,2,2,4,4,4,4,4,5,NA,7,NA,7,8,9,9,12,13
"217",217,"Oirschot",0,0,0,0,0,1,1,1,1,NA,1,NA,3,4,6,8,10,11
"218",218,"Oisterwijk",4,5,6,6,6,9,10,10,10,NA,15,NA,16,16,18,21,23,24
"219",219,"Oldambt",0,0,0,0,0,0,0,0,0,NA,0,NA,0,0,0,0,0,2
"220",220,"Oldebroek",0,1,1,1,1,2,2,5,5,NA,6,NA,7,8,12,16,19,22
"221",221,"Oldenzaal",0,0,0,1,1,1,1,2,3,NA,6,NA,6,8,13,15,17,18
"222",222,"Olst-Wijhe",0,0,0,0,0,0,0,0,0,NA,2,NA,2,4,6,6,6,6
"223",223,"Ommen",0,0,0,1,1,1,1,2,2,NA,4,NA,6,6,7,7,7,10
"224",224,"Oost Gelre",0,0,0,0,0,0,0,0,0,NA,2,NA,2,6,6,6,7,8
"225",225,"Oosterhout",0,0,3,4,5,6,8,9,9,NA,13,NA,22,23,26,29,31,36
"226",226,"Ooststellingwerf",0,0,0,0,0,0,0,0,0,NA,0,NA,0,0,1,1,1,1
"227",227,"Oostzaan",0,0,0,0,0,0,1,2,2,NA,3,NA,5,5,6,7,7,7
"228",228,"Opmeer",0,0,0,0,0,0,0,0,0,NA,0,NA,0,0,0,2,2,2
"229",229,"Opsterland",2,2,2,2,2,2,2,2,2,NA,2,NA,3,3,4,5,6,6
"230",230,"Oss",2,3,3,4,5,11,14,20,26,NA,44,NA,65,73,81,100,128,141
"231",231,"Oude IJsselstreek",0,0,0,0,0,1,2,2,2,NA,4,NA,4,4,4,5,5,7
"232",232,"Ouder-Amstel",0,0,0,0,0,0,2,3,3,NA,4,NA,5,7,7,7,7,9
"233",233,"Oudewater",0,0,0,0,1,1,1,1,2,NA,3,NA,4,7,10,12,18,21
"234",234,"Overbetuwe",0,0,0,4,6,8,9,9,11,NA,20,NA,30,33,38,44,51,54
"235",235,"Papendrecht",0,0,0,0,0,0,0,0,1,NA,2,NA,5,5,6,6,6,7
"236",236,"Peel en Maas",3,4,8,10,14,19,31,36,41,NA,63,NA,69,79,88,96,107,119
"237",237,"Pekela",0,1,1,1,1,1,1,1,1,NA,2,NA,2,2,2,2,2,2
"238",238,"Pijnacker-Nootdorp",5,5,6,6,7,8,10,11,11,NA,11,NA,12,14,16,20,23,24
"239",239,"Purmerend",1,1,2,2,2,2,2,4,7,NA,14,NA,22,23,32,39,48,52
"240",240,"Putten",0,0,0,0,0,2,2,2,2,NA,3,NA,3,3,5,6,6,6
"241",241,"Raalte",0,1,1,1,1,2,3,3,3,NA,3,NA,5,6,10,12,13,15
"242",242,"Reimerswaal",0,1,1,1,1,2,2,3,4,NA,5,NA,5,6,7,7,7,7
"243",243,"Renkum",7,7,7,7,8,8,8,8,8,NA,9,NA,10,11,12,14,17,18
"244",244,"Renswoude",0,0,0,0,0,0,0,0,0,NA,0,NA,0,0,0,0,1,1
"245",245,"Reusel-De Mierden",0,0,0,0,0,0,0,0,0,NA,0,NA,1,1,1,4,4,5
"246",246,"Rheden",1,1,1,1,1,1,2,3,4,NA,7,NA,12,15,18,21,27,30
"247",247,"Rhenen",0,0,0,0,0,0,0,0,0,NA,0,NA,1,1,1,2,5,6
"248",248,"Ridderkerk",1,1,1,1,1,1,1,1,1,NA,4,NA,5,7,9,13,19,27
"249",249,"Rijssen-Holten",0,0,0,0,0,0,0,0,0,NA,3,NA,4,4,9,13,13,17
"250",250,"Rijswijk",0,0,0,0,0,1,2,3,3,NA,4,NA,7,8,10,11,14,16
"251",251,"Roerdalen",0,0,0,0,0,0,0,1,1,NA,4,NA,7,10,10,11,13,14
"252",252,"Roermond",1,1,1,2,2,2,4,6,13,NA,18,NA,23,26,28,29,31,32
"253",253,"Roosendaal",1,1,2,2,5,6,6,6,7,NA,8,NA,16,18,20,24,25,25
"254",254,"Rotterdam",15,15,20,24,25,30,41,58,81,NA,120,NA,149,163,186,204,249,308
"255",255,"Rozendaal",0,0,0,0,1,1,1,2,2,NA,2,NA,2,2,2,2,2,2
"256",256,"Rucphen",0,0,0,0,1,1,1,1,2,NA,6,NA,6,6,6,6,10,10
"257",257,"SĂÂşdwest-FryslĂÂ˘n",0,0,0,0,0,0,4,5,6,NA,7,NA,7,10,11,12,124,0
"258",258,"Schagen",1,1,2,3,4,4,0,0,0,NA,0,NA,2,2,2,3,13,13
"259",259,"Scherpenzeel",0,0,0,0,0,0,1,1,2,NA,6,NA,8,10,14,16,4,5
"260",260,"Schiedam",0,0,0,0,1,1,0,0,0,NA,0,NA,0,0,0,0,19,22
"261",261,"Schiermonnikoog",0,0,0,0,0,0,2,2,2,NA,3,NA,3,3,6,8,0,0
"262",262,"Schouwen-Duiveland",2,2,2,2,2,2,4,5,5,NA,5,NA,5,7,8,10,9,9
"263",263,"Simpelveld",2,2,2,2,3,3,4,5,8,NA,12,NA,13,13,13,14,10,11
"264",264,"Sint Anthonis",0,0,0,2,2,3,8,10,10,NA,12,NA,14,17,18,22,18,21
"265",265,"Sint-Michielsgestel",5,5,5,6,6,8,42,51,51,NA,58,NA,61,84,86,94,28,29
"266",266,"Sittard-Geleen",20,20,23,35,37,38,1,1,1,NA,3,NA,3,4,5,7,98,102
"267",267,"Sliedrecht",0,0,0,0,0,0,2,2,2,NA,3,NA,4,5,5,6,6,6
"268",268,"Sluis",0,0,0,0,1,2,3,3,3,NA,3,NA,3,3,4,5,6,6
"269",269,"Smallingerland",1,1,1,2,3,3,11,12,13,NA,15,NA,16,20,21,23,5,7
"270",270,"Soest",8,8,8,8,8,10,2,3,3,NA,5,NA,7,7,10,15,28,28
"271",271,"Someren",0,0,0,1,1,1,4,4,5,NA,8,NA,10,13,15,19,19,22
"272",272,"Son en Breugel",1,1,2,2,2,4,0,0,0,NA,0,NA,0,0,0,1,20,22
"273",273,"Stadskanaal",0,0,0,0,0,0,1,1,2,NA,3,NA,4,4,4,4,1,1
"274",274,"Staphorst",0,0,0,1,1,1,1,1,3,NA,5,NA,8,9,13,17,5,5
"275",275,"Stede Broec",0,0,0,0,0,1,2,2,4,NA,5,NA,8,9,11,11,18,18
"276",276,"Steenbergen",0,0,0,0,1,2,1,1,1,NA,3,NA,4,5,6,8,14,14
"277",277,"Steenwijkerland",0,0,0,0,0,0,3,4,4,NA,5,NA,9,24,24,28,8,8
"278",278,"Stein",1,1,1,3,3,3,8,9,10,NA,10,NA,13,16,22,27,29,31
"279",279,"Stichtse Vecht",5,5,6,6,7,7,1,2,2,NA,4,NA,5,6,8,12,30,31
"280",280,"Terneuzen",0,0,0,1,1,1,2,3,4,NA,5,NA,6,6,10,14,16,17
"281",281,"Terschelling",0,0,0,0,0,0,0,0,0,NA,0,NA,0,0,0,0,0,0
"282",282,"Texel",0,0,0,0,0,0,0,0,2,NA,3,NA,3,3,3,3,3,3
"283",283,"Teylingen",0,0,0,0,0,1,2,2,2,NA,5,NA,7,7,8,10,11,11
"284",284,"Tholen",0,0,0,0,1,1,1,2,2,NA,7,NA,8,11,13,14,20,25
"285",285,"Tiel",1,2,2,2,3,4,4,4,4,NA,4,NA,6,8,14,20,23,27
"286",286,"Tilburg",42,50,67,68,68,84,88,95,119,NA,154,NA,193,211,224,230,254,284
"287",287,"Tubbergen",1,1,1,1,1,1,1,1,3,NA,3,NA,4,4,4,9,11,12
"288",288,"Twenterand",0,0,0,0,0,0,0,0,0,NA,1,NA,2,3,3,3,5,5
"289",289,"Tynaarlo",0,0,0,0,0,0,1,3,4,NA,7,NA,8,10,13,15,16,16
"290",290,"Tytsjerksteradiel",0,0,0,0,0,1,1,1,1,NA,1,NA,1,1,2,2,3,4
"291",291,"Uden",18,21,25,28,33,43,49,53,60,NA,76,NA,84,92,94,107,123,130
"292",292,"Uitgeest",0,0,0,0,0,0,0,0,0,NA,2,NA,4,4,4,4,7,7
"293",293,"Uithoorn",0,0,0,0,0,0,0,1,2,NA,2,NA,2,4,5,7,11,16
"294",294,"Urk",0,0,0,0,0,0,0,1,4,NA,6,NA,7,7,7,8,9,10
"295",295,"Utrecht",18,25,26,30,38,48,60,69,83,NA,121,NA,145,160,191,215,243,265
"296",296,"Utrechtse Heuvelrug",2,2,2,2,2,3,5,6,8,NA,8,NA,14,14,15,17,22,25
"297",297,"Vaals",0,0,0,0,0,0,0,0,0,NA,0,NA,0,3,4,6,6,6
"298",298,"Valkenburg aan de Geul",0,0,0,0,0,1,2,2,2,NA,4,NA,4,8,9,10,11,12
"299",299,"Valkenswaard",0,0,0,0,0,0,0,1,1,NA,4,NA,5,8,9,17,20,26
"300",300,"Veendam",0,0,0,0,0,0,0,0,0,NA,0,NA,0,0,1,1,1,2
"301",301,"Veenendaal",0,1,1,1,1,1,1,1,2,NA,2,NA,6,6,7,7,13,14
"302",302,"Veere",1,1,1,1,1,1,1,1,1,NA,5,NA,6,6,6,7,8,9
"303",303,"Veldhoven",1,1,1,1,1,1,1,1,2,NA,9,NA,11,14,18,22,22,24
"304",304,"Velsen",0,1,1,1,1,4,4,4,4,NA,8,NA,11,15,15,23,25,31
"305",305,"Venlo",1,2,2,3,4,6,8,12,21,NA,33,NA,35,40,47,54,67,71
"306",306,"Venray",0,0,0,0,0,0,0,1,3,NA,8,NA,10,13,17,20,21,26
"307",307,"Vijfheerenlanden",1,1,2,2,2,3,4,4,7,NA,9,NA,12,18,21,24,24,27
"308",308,"Vlaardingen",0,1,1,1,1,1,2,2,4,NA,12,NA,15,18,22,24,28,30
"309",309,"Vlieland",0,0,0,0,0,0,0,0,0,NA,0,NA,0,0,0,0,0,0
"310",310,"Vlissingen",0,2,2,2,2,3,4,4,5,NA,6,NA,8,8,8,8,8,10
"311",311,"Voerendaal",0,0,0,0,0,0,1,3,3,NA,4,NA,4,5,6,7,7,8
"312",312,"Voorschoten",0,0,0,0,0,0,0,1,1,NA,2,NA,3,3,5,6,6,7
"313",313,"Voorst",1,1,1,1,1,1,1,1,1,NA,2,NA,2,3,6,10,13,15
"314",314,"Vught",1,2,2,2,2,3,6,7,8,NA,11,NA,17,19,22,25,29,31
"315",315,"Waadhoeke",0,0,0,0,0,0,0,0,0,NA,0,NA,0,0,0,2,3,3
"316",316,"Waalre",1,1,1,1,1,1,1,2,2,NA,2,NA,2,3,2,6,6,6
"317",317,"Waalwijk",6,6,9,8,8,10,11,12,13,NA,16,NA,24,29,34,39,46,54
"318",318,"Waddinxveen",1,1,1,1,1,1,1,1,3,NA,4,NA,4,4,5,6,7,8
"319",319,"Wageningen",0,0,0,0,0,0,1,1,1,NA,3,NA,3,3,3,4,5,7
"320",320,"Wassenaar",0,0,1,2,2,3,3,3,4,NA,5,NA,5,5,5,6,6,6
"321",321,"Waterland",1,1,1,1,2,3,3,4,7,NA,8,NA,9,10,11,11,11,11
"322",322,"Weert",0,0,0,0,0,0,0,0,0,NA,7,NA,12,17,24,28,27,36
"323",323,"Weesp",0,0,0,0,0,0,0,0,0,NA,1,NA,1,2,6,7,8,10
"324",324,"West Betuwe",2,2,3,3,3,3,6,6,8,NA,12,NA,15,17,19,22,24,34
"325",325,"West Maas en Waal",1,2,2,2,3,3,3,3,3,NA,4,NA,7,8,11,13,13,15
"326",326,"Westerkwartier",0,0,0,0,1,1,1,1,3,NA,3,NA,8,8,9,12,15,16
"327",327,"Westerveld",0,0,0,0,0,0,0,0,0,NA,1,NA,2,2,2,2,3,4
"328",328,"Westervoort",0,0,0,0,0,0,0,0,0,NA,1,NA,2,2,2,2,2,4
"329",329,"Westerwolde",0,0,0,0,0,0,0,0,0,NA,0,NA,0,0,3,3,3,3
"330",330,"Westland",0,0,0,0,1,1,3,6,7,NA,11,NA,21,25,28,30,38,45
"331",331,"Weststellingwerf",0,0,0,0,0,0,0,0,0,NA,1,NA,1,1,1,2,2,2
"332",332,"Westvoorne",1,1,1,2,3,3,3,3,3,NA,3,NA,7,8,8,8,9,11
"333",333,"Wierden",0,0,0,0,0,0,0,0,0,NA,0,NA,0,0,1,2,4,7
"334",334,"Wijchen",1,2,3,2,4,5,6,8,8,NA,17,NA,21,23,24,30,30,35
"335",335,"Wijdemeren",0,0,0,0,0,0,0,1,1,NA,1,NA,1,1,3,4,4,5
"336",336,"Wijk bij Duurstede",1,2,2,3,3,3,4,4,4,NA,6,NA,6,6,6,7,7,9
"337",337,"Winterswijk",0,0,0,0,0,0,0,0,0,NA,1,NA,2,2,2,2,3,3
"338",338,"Woensdrecht",0,0,0,0,0,0,0,0,0,NA,0,NA,3,4,5,5,5,6
"339",339,"Woerden",2,2,2,2,2,2,3,4,4,NA,6,NA,14,19,22,25,25,34
"340",340,"Wormerland",0,0,0,0,0,0,0,0,1,NA,1,NA,2,2,3,5,6,7
"341",341,"Woudenberg",1,1,1,1,1,1,1,2,2,NA,3,NA,4,4,6,7,6,6
"342",342,"Zaanstad",2,2,2,2,2,2,2,2,4,NA,9,NA,19,20,29,31,46,50
"343",343,"Zaltbommel",1,1,1,1,1,1,3,3,3,NA,5,NA,7,7,7,7,9,13
"344",344,"Zandvoort",0,0,0,1,1,1,1,1,1,NA,2,NA,3,6,6,6,6,7
"345",345,"Zeewolde",1,1,1,1,2,2,2,3,3,NA,4,NA,4,4,5,6,7,7
"346",346,"Zeist",3,4,4,4,6,8,12,12,12,NA,17,NA,19,20,25,28,34,40
"347",347,"Zevenaar",0,0,0,0,0,0,0,2,3,NA,6,NA,9,10,10,10,12,15
"348",348,"Zoetermeer",0,0,0,0,0,0,0,1,1,NA,4,NA,7,8,13,14,17,21
"349",349,"Zoeterwoude",0,0,0,0,0,0,0,0,0,NA,0,NA,0,1,1,1,2,2
"350",350,"Zuidplas",0,0,0,0,0,0,0,0,0,NA,1,NA,3,3,6,10,11,15
"351",351,"Zundert",2,2,3,3,3,3,4,6,6,NA,7,NA,9,11,14,15,17,23
"352",352,"Zutphen",0,0,0,0,0,0,1,1,1,NA,4,NA,6,6,8,8,10,11
"353",353,"Zwartewaterland",0,0,2,2,2,2,4,4,5,NA,15,NA,19,22,30,33,36,38
"354",354,"Zwijndrecht",0,0,0,2,3,3,4,5,6,NA,6,NA,6,8,9,11,13,13
"355",355,"Zwolle",2,2,2,3,4,6,8,12,16,NA,23,NA,35,40,47,56,63,68
